{
  "rmse": 8.957481094709156,
  "mae": 2.7647046232876713,
  "mape": 0.006696718952141266,
  "r2": 0.9983471460366551,
  "model": "random_forest"
}