{
  "rmse": 0.41867317608222565,
  "mae": 0.27378664243950496,
  "mape": 0.0032036809581663253,
  "r2": 0.9999963891208208,
  "model": "ridge"
}