{
  "rmse": 100.96639496236297,
  "mae": 64.38598093498487,
  "mape": 0.578538424055811
}