{
  "rmse": 128.7905198463113,
  "mae": 84.08932648401826,
  "mape": 0.5399030670035341
}