{
  "persistence_rmse": 101.3768123632568,
  "persistence_mae": 64.92513522844976,
  "n_eval": 17378
}