{
  "validation": {
    "rmse": 8.736893892326988,
    "mae": 3.253416205083255,
    "mape": 0.016405624375125164
  },
  "evaluation": {
    "rmse": 3.0218607282204566,
    "mae": 1.8437187640860644,
    "mape": 0.03181760624389334
  },
  "weights": {
    "rf": 0.09306970093871447,
    "gbm": 0.9069302990612856
  },
  "val_fraction": 0.6
}