{
  "validation": {
    "rmse": 8.426222231851842,
    "mae": 3.178714365005617,
    "mape": 0.015352699262146096
  },
  "evaluation": {
    "rmse": 2.903531926906146,
    "mae": 1.6790112736608067,
    "mape": 0.017548145523303967
  },
  "weights": {
    "rf": 0.06632586955938723,
    "gbm": 0.9336741304406129
  },
  "val_fraction": 0.6
}