{
  "rmse": 203.1443831973181,
  "mae": 143.27051033896856,
  "mape": 0.5403885469863949
}