{
  "rmse": 6.2401501147978164,
  "mae": 3.0325514735932986,
  "mape": 0.02280131585048994,
  "r2": 0.9991978552273476
}