{
  "mean_fit_time": [
    27.794326257705688,
    19.368088006973267,
    15.607160091400146,
    43.5221706867218,
    14.15324592590332,
    22.969686126708986,
    10.216681337356567,
    14.258689832687377,
    13.27280788421631,
    12.955619382858277,
    19.67066659927368,
    13.191017150878906,
    14.925782251358033,
    16.05027675628662,
    13.303207206726075,
    19.405274820327758,
    5.319405841827392,
    17.244940757751465,
    10.090965747833252,
    17.660797929763795
  ],
  "std_fit_time": [
    13.118132832737807,
    9.047845497910616,
    7.479624887138285,
    21.285160100027568,
    6.669033834151993,
    10.62464814066348,
    5.017900720173438,
    6.49662846998383,
    6.679421313415122,
    6.068899375443258,
    8.78844884578903,
    6.230228511095252,
    6.936235047393762,
    7.2763739724911165,
    6.128069773925991,
    8.496310357644477,
    2.4350862890873235,
    6.579641686253936,
    4.373149322207725,
    6.353598032600631
  ],
  "mean_score_time": [
    0.06388254165649414,
    0.03989167213439941,
    0.029227399826049806,
    0.06504487991333008,
    0.02289581298828125,
    0.05330395698547363,
    0.024223184585571288,
    0.032667350769042966,
    0.026447057723999023,
    0.029139900207519533,
    0.0459038257598877,
    0.024611711502075195,
    0.033455848693847656,
    0.024748468399047853,
    0.025861549377441406,
    0.041747093200683594,
    0.011450242996215821,
    0.03609137535095215,
    0.020877647399902343,
    0.020394182205200194
  ],
  "std_score_time": [
    0.0016797401761866522,
    0.0022628088838420415,
    0.00013650263009132012,
    0.004375902899903415,
    0.0006032522841433705,
    0.004758848778450069,
    0.0017443138534783396,
    0.002048292726366893,
    0.0029709027020610548,
    0.00690470582234661,
    0.007881820658670675,
    0.0005397613180231028,
    0.002267222560722617,
    0.0021902774503674547,
    0.0016891010832724678,
    0.01700504226519646,
    0.0003376475263987727,
    0.010570237443549986,
    0.0034339031058143784,
    0.004377894667152307
  ],
  "param_model__subsample": [
    0.6,
    0.8,
    0.8,
    1.0,
    1.0,
    0.6,
    0.6,
    0.6,
    0.8,
    0.6,
    0.6,
    0.8,
    0.6,
    1.0,
    0.6,
    0.6,
    0.8,
    0.6,
    0.6,
    1.0
  ],
  "param_model__n_estimators": [
    900,
    500,
    500,
    900,
    500,
    900,
    500,
    700,
    500,
    900,
    700,
    500,
    700,
    500,
    900,
    700,
    300,
    900,
    500,
    700
  ],
  "param_model__max_depth": [
    5,
    5,
    4,
    5,
    3,
    4,
    3,
    3,
    3,
    2,
    4,
    3,
    3,
    3,
    2,
    4,
    2,
    3,
    3,
    3
  ],
  "param_model__learning_rate": [
    0.01,
    0.05,
    0.03,
    0.05,
    0.05,
    0.08,
    0.01,
    0.01,
    0.01,
    0.01,
    0.03,
    0.05,
    0.03,
    0.03,
    0.08,
    0.01,
    0.08,
    0.03,
    0.05,
    0.03
  ],
  "params": [
    {
      "model__subsample": 0.6,
      "model__n_estimators": 900,
      "model__max_depth": 5,
      "model__learning_rate": 0.01
    },
    {
      "model__subsample": 0.8,
      "model__n_estimators": 500,
      "model__max_depth": 5,
      "model__learning_rate": 0.05
    },
    {
      "model__subsample": 0.8,
      "model__n_estimators": 500,
      "model__max_depth": 4,
      "model__learning_rate": 0.03
    },
    {
      "model__subsample": 1.0,
      "model__n_estimators": 900,
      "model__max_depth": 5,
      "model__learning_rate": 0.05
    },
    {
      "model__subsample": 1.0,
      "model__n_estimators": 500,
      "model__max_depth": 3,
      "model__learning_rate": 0.05
    },
    {
      "model__subsample": 0.6,
      "model__n_estimators": 900,
      "model__max_depth": 4,
      "model__learning_rate": 0.08
    },
    {
      "model__subsample": 0.6,
      "model__n_estimators": 500,
      "model__max_depth": 3,
      "model__learning_rate": 0.01
    },
    {
      "model__subsample": 0.6,
      "model__n_estimators": 700,
      "model__max_depth": 3,
      "model__learning_rate": 0.01
    },
    {
      "model__subsample": 0.8,
      "model__n_estimators": 500,
      "model__max_depth": 3,
      "model__learning_rate": 0.01
    },
    {
      "model__subsample": 0.6,
      "model__n_estimators": 900,
      "model__max_depth": 2,
      "model__learning_rate": 0.01
    },
    {
      "model__subsample": 0.6,
      "model__n_estimators": 700,
      "model__max_depth": 4,
      "model__learning_rate": 0.03
    },
    {
      "model__subsample": 0.8,
      "model__n_estimators": 500,
      "model__max_depth": 3,
      "model__learning_rate": 0.05
    },
    {
      "model__subsample": 0.6,
      "model__n_estimators": 700,
      "model__max_depth": 3,
      "model__learning_rate": 0.03
    },
    {
      "model__subsample": 1.0,
      "model__n_estimators": 500,
      "model__max_depth": 3,
      "model__learning_rate": 0.03
    },
    {
      "model__subsample": 0.6,
      "model__n_estimators": 900,
      "model__max_depth": 2,
      "model__learning_rate": 0.08
    },
    {
      "model__subsample": 0.6,
      "model__n_estimators": 700,
      "model__max_depth": 4,
      "model__learning_rate": 0.01
    },
    {
      "model__subsample": 0.8,
      "model__n_estimators": 300,
      "model__max_depth": 2,
      "model__learning_rate": 0.08
    },
    {
      "model__subsample": 0.6,
      "model__n_estimators": 900,
      "model__max_depth": 3,
      "model__learning_rate": 0.03
    },
    {
      "model__subsample": 0.6,
      "model__n_estimators": 500,
      "model__max_depth": 3,
      "model__learning_rate": 0.05
    },
    {
      "model__subsample": 1.0,
      "model__n_estimators": 700,
      "model__max_depth": 3,
      "model__learning_rate": 0.03
    }
  ],
  "split0_test_score": [
    -46.200263569511854,
    -46.506919489029,
    -45.50387249193566,
    -48.09934235895414,
    -43.473770714134325,
    -44.81564607452617,
    -44.35875569448818,
    -42.10423319385747,
    -45.50314818724761,
    -39.74974635001006,
    -43.771268218028055,
    -42.4046582871535,
    -43.06583686978935,
    -43.54986114054051,
    -38.33530683875521,
    -44.47165021994577,
    -40.18623850908072,
    -42.98156191056459,
    -41.12217042523775,
    -43.52646529087801
  ],
  "split1_test_score": [
    -4.105616167192255,
    -4.324563822425994,
    -4.937843325940611,
    -4.7929392389100585,
    -4.762465811979596,
    -4.346807020311023,
    -6.947114404052188,
    -5.692790805832847,
    -7.144018842099208,
    -6.656951340317948,
    -4.035225141009517,
    -4.595010167832225,
    -4.353034403410419,
    -4.970333230642021,
    -3.764900385228108,
    -4.295338707819389,
    -4.87828898380211,
    -4.331306249794013,
    -4.249562380447433,
    -4.6894111191523375
  ],
  "split2_test_score": [
    -2.353712999189212,
    -2.3742194535401486,
    -2.5159623792893533,
    -2.6184387784166616,
    -3.3126209710334393,
    -2.200875223608552,
    -5.10614903915685,
    -4.619867044336303,
    -5.124975584897607,
    -5.48324493343791,
    -2.3270540465720884,
    -3.3562764539194703,
    -3.2677590765035727,
    -3.9655130281318205,
    -3.444403347574021,
    -3.0048397293134546,
    -4.085504133129448,
    -2.99862389653517,
    -3.065273531619383,
    -3.434229641090694
  ],
  "split3_test_score": [
    -23.3007866389391,
    -23.21964751959666,
    -21.774606657380584,
    -22.988978127335677,
    -19.522224896934738,
    -21.58232709934003,
    -31.091149856559383,
    -24.40633014840308,
    -31.688792923264547,
    -25.64487696064456,
    -21.205587561396165,
    -20.109306845111835,
    -19.75163223705874,
    -21.14287980117891,
    -16.810044926108613,
    -22.848272787053787,
    -17.79491938102195,
    -19.25068447526725,
    -19.586006801220396,
    -20.203515752412788
  ],