{
  "rmse": 7.048437794862112,
  "mae": 2.818159748265,
  "mape": 0.02461912341967082,
  "r2": 0.9989765929000258
}