{
  "rmse": 6.7821255763896335,
  "mae": 2.663616192878504,
  "mape": 0.017213081436164773,
  "r2": 0.9990524670164108
}