{
  "rmse": 6.298657410204033,
  "mae": 2.460824803214346,
  "mape": 0.01318676710396472,
  "r2": 0.9991827429838873
}