{
  "test_metrics": {
    "rmse": 33.507574847302116,
    "mae": 21.760339824938995,
    "mape": 0.2174822660195565,
    "r2": 0.9768714356528228
  },
  "nested_cv_metrics": {
    "rmse": 44.05077368397443,
    "mae": 28.93819877787317,
    "mape": 0.6653521739124822,
    "r2": 0.9122382581188344,
    "rmse_std": 12.160810679365918,
    "mae_std": 7.482506468279898
  }
}