{
  "test": {
    "rmse": 49.61791757158522,
    "mae": 31.06756019592285
  },
  "best_val": {
    "rmse": 55.72991554208677,
    "mae": 35.15998458862305
  },
  "device": "cpu"
}