{
  "rmse": 60.212193954225334,
  "mae": 41.859561920166016,
  "mape": 0.5747120380401611,
  "loss": 3625.508445457176
}