{
  "test": {
    "rmse": 64.50654793555844,
    "mae": 40.34298324584961
  },
  "best_val": {
    "rmse": 69.47989676652881,
    "mae": 42.551109313964844
  },
  "device": "cpu"
}