{
  "mean_fit_time": [
    10.759813165664672,
    7.748364353179932,
    7.383645486831665,
    11.937999200820922,
    10.745952653884888,
    7.055681276321411,
    11.503279781341552,
    11.57974100112915,
    12.176142597198487,
    7.119596099853515,
    3.0953322410583497,
    3.489246463775635,
    4.303073740005493,
    5.625045728683472,
    10.855474710464478,
    9.888736248016357,
    8.424732303619384,
    16.616234588623048,
    5.635056400299073,
    8.06642026901245
  ],
  "std_fit_time": [
    2.305633224109619,
    5.501074384465066,
    4.24831856367899,
    2.1851160978702264,
    3.816415965309639,
    1.005924974752385,
    2.1248840280540295,
    3.839754156478038,
    2.974277531648027,
    1.6844015031370958,
    0.2677657274373174,
    0.808727010599204,
    1.4499934012828828,
    1.4390282547569717,
    4.503956054805487,
    2.7985155803016446,
    0.7642234790382265,
    3.761947609015031,
    0.5852303223666964,
    1.274339057689723
  ],
  "mean_score_time": [
    3.300372838973999,
    4.356440258026123,
    5.410715532302857,
    4.037759780883789,
    4.204343032836914,
    5.550759506225586,
    4.482014799118042,
    4.591128492355347,
    3.763279151916504,
    3.0270457744598387,
    1.7961532115936278,
    2.3989304065704347,
    3.3242537498474123,
    4.2085975170135494,
    4.464886474609375,
    5.062079238891601,
    4.33466362953186,
    2.7202640056610106,
    5.157417678833008,
    3.163965177536011
  ],
  "std_score_time": [
    1.7511895761467822,
    2.8051724713797617,
    3.314114811591221,
    2.220847137573731,
    1.4038525220148155,
    0.807710728216838,
    1.5593212296800891,
    2.07753395351593,
    2.0435145060481528,
    1.360397992670185,
    0.2274261950013214,
    0.9626695088790559,
    0.7105857517744331,
    0.45818725537618943,
    0.6662685637578836,
    0.7838089290226122,
    0.5294493083804243,
    2.1364754721371884,
    0.1399398389882147,
    1.008092492164221
  ],
  "param_model__n_estimators": [
    400,
    200,
    200,
    400,
    200,
    200,
    600,
    400,
    400,
    200,
    200,
    300,
    200,
    200,
    400,
    300,
    400,
    600,
    200,
    300
  ],
  "param_model__min_samples_leaf": [
    8,
    4,
    6,
    4,
    2,
    6,
    4,
    1,
    1,
    8,
    6,
    2,
    2,
    6,
    2,
    1,
    1,
    6,
    8,
    4
  ],
  "param_model__max_features": [
    0.5,
    null,
    0.7,
    0.7,
    null,
    "sqrt",
    0.3,
    0.7,
    0.3,
    "sqrt",
    "sqrt",
    0.3,
    0.5,
    0.7,
    0.5,
    0.7,
    "sqrt",
    null,
    "sqrt",
    0.3
  ],
  "param_model__max_depth": [
    30,
    30,
    15,
    15,
    30,
    null,
    15,
    10,
    null,
    15,
    20,
    10,
    10,
    10,
    null,
    10,
    10,
    20,
    30,
    20
  ],
  "params": [
    {
      "model__n_estimators": 400,
      "model__min_samples_leaf": 8,
      "model__max_features": 0.5,
      "model__max_depth": 30
    },
    {
      "model__n_estimators": 200,
      "model__min_samples_leaf": 4,
      "model__max_features": null,
      "model__max_depth": 30
    },
    {
      "model__n_estimators": 200,
      "model__min_samples_leaf": 6,
      "model__max_features": 0.7,
      "model__max_depth": 15
    },
    {
      "model__n_estimators": 400,
      "model__min_samples_leaf": 4,
      "model__max_features": 0.7,
      "model__max_depth": 15
    },
    {
      "model__n_estimators": 200,
      "model__min_samples_leaf": 2,
      "model__max_features": null,
      "model__max_depth": 30
    },
    {
      "model__n_estimators": 200,
      "model__min_samples_leaf": 6,
      "model__max_features": "sqrt",
      "model__max_depth": null
    },
    {
      "model__n_estimators": 600,
      "model__min_samples_leaf": 4,
      "model__max_features": 0.3,
      "model__max_depth": 15
    },
    {
      "model__n_estimators": 400,
      "model__min_samples_leaf": 1,
      "model__max_features": 0.7,
      "model__max_depth": 10
    },
    {
      "model__n_estimators": 400,
      "model__min_samples_leaf": 1,
      "model__max_features": 0.3,
      "model__max_depth": null
    },
    {
      "model__n_estimators": 200,
      "model__min_samples_leaf": 8,
      "model__max_features": "sqrt",
      "model__max_depth": 15
    },
    {
      "model__n_estimators": 200,
      "model__min_samples_leaf": 6,
      "model__max_features": "sqrt",
      "model__max_depth": 20
    },
    {
      "model__n_estimators": 300,
      "model__min_samples_leaf": 2,
      "model__max_features": 0.3,
      "model__max_depth": 10
    },
    {
      "model__n_estimators": 200,
      "model__min_samples_leaf": 2,
      "model__max_features": 0.5,
      "model__max_depth": 10
    },
    {
      "model__n_estimators": 200,
      "model__min_samples_leaf": 6,
      "model__max_features": 0.7,
      "model__max_depth": 10
    },
    {
      "model__n_estimators": 400,
      "model__min_samples_leaf": 2,
      "model__max_features": 0.5,
      "model__max_depth": null
    },
    {
      "model__n_estimators": 300,
      "model__min_samples_leaf": 1,
      "model__max_features": 0.7,
      "model__max_depth": 10
    },
    {
      "model__n_estimators": 400,
      "model__min_samples_leaf": 1,
      "model__max_features": "sqrt",
      "model__max_depth": 10
    },
    {
      "model__n_estimators": 600,
      "model__min_samples_leaf": 6,
      "model__max_features": null,
      "model__max_depth": 20
    },
    {
      "model__n_estimators": 200,
      "model__min_samples_leaf": 8,
      "model__max_features": "sqrt",
      "model__max_depth": 30
    },
    {
      "model__n_estimators": 300,
      "model__min_samples_leaf": 4,
      "model__max_features": 0.3,
      "model__max_depth": 20
    }
  ],
  "split0_test_score": [
    -60.43017216935882,
    -54.354797615485104,
    -56.73423706838544,
    -54.02926582346831,
    -54.33328976911632,
    -71.06967909028349,
    -59.52091540584226,
    -52.62656428216959,
    -56.97764373234494,
    -74.42713076156622,
    -71.06967909028349,
    -57.7113065291398,
    -54.194778277016006,
    -56.35617803133653,
    -54.12996058038445,
    -52.75914120494,
    -64.825659562901,
    -56.326737413669996,
    -74.33476058788332,
    -59.379111658758816
  ],
  "split1_test_score": [
    -9.819188971840969,
    -6.1625161473026315,
    -7.598573183679282,
    -7.055272131209663,
    -5.744349059631871,
    -21.35939216502743,
    -13.605824624958682,
    -6.781528778426698,
    -12.549765765437112,
    -21.83939602807304,
    -21.375674877488255,
    -13.117327966747956,
    -8.435421120555155,
    -7.639548926227528,
    -8.339648536253193,
    -6.789308263335398,
    -19.89809090052717,
    -6.622518757308771,
    -22.04789553266908,
    -13.482983260125607
  ],
  "split2_test_score": [
    -6.392484144102141,
    -4.375583348479668,
    -5.332535358115603,
    -5.105267492708316,
    -4.188253578620743,
    -18.493098908348678,
    -9.632578613860376,
    -5.28399626886758,
    -8.943987636306245,
    -19.612355771084726,
    -18.49268370572579,
    -9.672968517241404,
    -6.198561142528358,
    -5.619702950773451,
    -5.276941328871755,
    -5.268442129078479,
    -17.383310450705196,
    -4.66430364102612,
    -19.23999691237557,
    -9.743830233333581
  ],
  "split3_test_score": [
    -37.17042627308493,
    -30.397159200630117,
    -33.58624688852501,
    -32.38575615637765,
    -29.45775770124239,
    -53.399904790130314,
    -42.35978343321289,
    -31.412657485695945,
    -40.64260836015171,
    -54.287617334102215,
    -53.43187945880734,
    -42.19910145542141,
    -34.921939640537516,
    -33.72012293074409,
    -34.33956931533654,
    -31.29033203339727,
    -52.488884123062626,
    -31.371775986823422,
    -54.76399625881353,
    -42.77816312814411
  ],