{
  "rmse": 9.118606865885063,
  "mae": 2.7959737439358636,
  "mape": 0.006732375713284864,
  "r2": 0.9982871486770689
}