{
  "rmse": 8.905467018924126,
  "mae": 2.6514868502882196,
  "mape": 0.006431172997533017,
  "r2": 0.9983662858062703
}