{
  "rmse": 35.941396629014505,
  "mae": 21.604530344163134,
  "mape": 0.16238536453756905,
  "r2": 0.9733895277889353,
  "model": "random_forest"
}