{
  "rmse": 9.109465321849989,
  "mae": 2.820137394774811,
  "mape": 0.006812950925774393,
  "r2": 0.9982905812753327
}