{
  "test_metrics": {
    "rmse": 36.17078808760791,
    "mae": 22.455244720319634,
    "mape": 0.18470311688540278,
    "r2": 0.9730487678128443
  },
  "nested_cv_metrics": {
    "rmse": 44.77856773385692,
    "mae": 26.714804095296415,
    "mape": 0.24160811781523045,
    "r2": 0.9117167199824255,
    "rmse_std": 18.206195600737807,
    "mae_std": 10.574852477818766
  }
}