{
  "rmse": 0.3062295086975167,
  "mae": 0.20586274876676122,
  "mape": 0.003539574170047303,
  "r2": 0.9999980682240354,
  "model": "ridge"
}