{
  "rmse": 65.66087859067757,
  "mae": 42.886475909315216,
  "mape": 0.4870765088930452,
  "r2": 0.9111870977534257,
  "model": "ridge"
}